"LOCATION","INDICATOR","SUBJECT","MEASURE","FREQUENCY","TIME","Value","Flag Codes"
"AUS","PLI","TOT","OECDIDX","A","1997",97,
"AUS","PLI","TOT","OECDIDX","A","1998",84,
"AUS","PLI","TOT","OECDIDX","A","1999",86,
"AUS","PLI","TOT","OECDIDX","A","2000",82,
"AUS","PLI","TOT","OECDIDX","A","2001",77,
"AUS","PLI","TOT","OECDIDX","A","2002",81,
"AUS","PLI","TOT","OECDIDX","A","2003",91,
"AUS","PLI","TOT","OECDIDX","A","2004",99,
"AUS","PLI","TOT","OECDIDX","A","2005",104,
"AUS","PLI","TOT","OECDIDX","A","2006",106,
"AUS","PLI","TOT","OECDIDX","A","2007",115,
"AUS","PLI","TOT","OECDIDX","A","2008",117,
"AUS","PLI","TOT","OECDIDX","A","2009",111,
"AUS","PLI","TOT","OECDIDX","A","2010",136,
"AUS","PLI","TOT","OECDIDX","A","2011",149,
"AUS","PLI","TOT","OECDIDX","A","2012",158,
"AUS","PLI","TOT","OECDIDX","A","2013",143,
"AUS","PLI","TOT","OECDIDX","A","2014",135,
"AUS","PLI","TOT","OECDIDX","A","2015",126,
"AUS","PLI","TOT","OECDIDX","A","2016",125,
"AUS","PLI","TOT","OECDIDX","A","2017",131,
"AUS","PLI","TOT","OECDIDX","A","2018",126,
"AUS","PLI","TOT","OECDIDX","A","2019",120,
"AUS","PLI","TOT","OECDIDX","A","2020",117,
"AUS","PLI","TOT","OECDIDX","A","2021",124,
"AUT","PLI","TOT","OECDIDX","A","1997",105,
"AUT","PLI","TOT","OECDIDX","A","1998",106,
"AUT","PLI","TOT","OECDIDX","A","1999",101,
"AUT","PLI","TOT","OECDIDX","A","2000",90,
"AUT","PLI","TOT","OECDIDX","A","2001",93,
"AUT","PLI","TOT","OECDIDX","A","2002",95,
"AUT","PLI","TOT","OECDIDX","A","2003",104,
"AUT","PLI","TOT","OECDIDX","A","2004",108,
"AUT","PLI","TOT","OECDIDX","A","2005",108,
"AUT","PLI","TOT","OECDIDX","A","2006",108,
"AUT","PLI","TOT","OECDIDX","A","2007",115,
"AUT","PLI","TOT","OECDIDX","A","2008",119,
"AUT","PLI","TOT","OECDIDX","A","2009",116,
"AUT","PLI","TOT","OECDIDX","A","2010",110,
"AUT","PLI","TOT","OECDIDX","A","2011",111,
"AUT","PLI","TOT","OECDIDX","A","2012",104,
"AUT","PLI","TOT","OECDIDX","A","2013",108,
"AUT","PLI","TOT","OECDIDX","A","2014",110,
"AUT","PLI","TOT","OECDIDX","A","2015",101,
"AUT","PLI","TOT","OECDIDX","A","2016",100,
"AUT","PLI","TOT","OECDIDX","A","2017",101,
"AUT","PLI","TOT","OECDIDX","A","2018",104,
"AUT","PLI","TOT","OECDIDX","A","2019",101,
"AUT","PLI","TOT","OECDIDX","A","2020",102,
"AUT","PLI","TOT","OECDIDX","A","2021",105,
"BEL","PLI","TOT","OECDIDX","A","1997",105,
"BEL","PLI","TOT","OECDIDX","A","1998",107,
"BEL","PLI","TOT","OECDIDX","A","1999",102,
"BEL","PLI","TOT","OECDIDX","A","2000",89,
"BEL","PLI","TOT","OECDIDX","A","2001",90,
"BEL","PLI","TOT","OECDIDX","A","2002",92,
"BEL","PLI","TOT","OECDIDX","A","2003",103,
"BEL","PLI","TOT","OECDIDX","A","2004",109,
"BEL","PLI","TOT","OECDIDX","A","2005",109,
"BEL","PLI","TOT","OECDIDX","A","2006",110,
"BEL","PLI","TOT","OECDIDX","A","2007",117,
"BEL","PLI","TOT","OECDIDX","A","2008",120,
"BEL","PLI","TOT","OECDIDX","A","2009",117,
"BEL","PLI","TOT","OECDIDX","A","2010",109,
"BEL","PLI","TOT","OECDIDX","A","2011",111,
"BEL","PLI","TOT","OECDIDX","A","2012",105,
"BEL","PLI","TOT","OECDIDX","A","2013",109,
"BEL","PLI","TOT","OECDIDX","A","2014",110,
"BEL","PLI","TOT","OECDIDX","A","2015",101,
"BEL","PLI","TOT","OECDIDX","A","2016",100,
"BEL","PLI","TOT","OECDIDX","A","2017",102,
"BEL","PLI","TOT","OECDIDX","A","2018",104,
"BEL","PLI","TOT","OECDIDX","A","2019",100,
"BEL","PLI","TOT","OECDIDX","A","2020",100,
"BEL","PLI","TOT","OECDIDX","A","2021",101,
"CAN","PLI","TOT","OECDIDX","A","1997",87,
"CAN","PLI","TOT","OECDIDX","A","1998",82,
"CAN","PLI","TOT","OECDIDX","A","1999",82,
"CAN","PLI","TOT","OECDIDX","A","2000",89,
"CAN","PLI","TOT","OECDIDX","A","2001",89,
"CAN","PLI","TOT","OECDIDX","A","2002",88,
"CAN","PLI","TOT","OECDIDX","A","2003",91,
"CAN","PLI","TOT","OECDIDX","A","2004",94,
"CAN","PLI","TOT","OECDIDX","A","2005",99,
"CAN","PLI","TOT","OECDIDX","A","2006",107,
"CAN","PLI","TOT","OECDIDX","A","2007",109,
"CAN","PLI","TOT","OECDIDX","A","2008",109,
"CAN","PLI","TOT","OECDIDX","A","2009",104,
"CAN","PLI","TOT","OECDIDX","A","2010",117,
"CAN","PLI","TOT","OECDIDX","A","2011",120,
"CAN","PLI","TOT","OECDIDX","A","2012",123,
"CAN","PLI","TOT","OECDIDX","A","2013",121,
"CAN","PLI","TOT","OECDIDX","A","2014",115,
"CAN","PLI","TOT","OECDIDX","A","2015",111,
"CAN","PLI","TOT","OECDIDX","A","2016",105,
"CAN","PLI","TOT","OECDIDX","A","2017",108,
"CAN","PLI","TOT","OECDIDX","A","2018",107,
"CAN","PLI","TOT","OECDIDX","A","2019",110,
"CAN","PLI","TOT","OECDIDX","A","2020",109,
"CAN","PLI","TOT","OECDIDX","A","2021",115,
"CZE","PLI","TOT","OECDIDX","A","1997",41,
"CZE","PLI","TOT","OECDIDX","A","1998",45,
"CZE","PLI","TOT","OECDIDX","A","1999",42,
"CZE","PLI","TOT","OECDIDX","A","2000",40,
"CZE","PLI","TOT","OECDIDX","A","2001",42,
"CZE","PLI","TOT","OECDIDX","A","2002",49,
"CZE","PLI","TOT","OECDIDX","A","2003",52,
"CZE","PLI","TOT","OECDIDX","A","2004",55,
"CZE","PLI","TOT","OECDIDX","A","2005",60,
"CZE","PLI","TOT","OECDIDX","A","2006",64,
"CZE","PLI","TOT","OECDIDX","A","2007",68,
"CZE","PLI","TOT","OECDIDX","A","2008",77,
"CZE","PLI","TOT","OECDIDX","A","2009",71,
"CZE","PLI","TOT","OECDIDX","A","2010",70,
"CZE","PLI","TOT","OECDIDX","A","2011",72,
"CZE","PLI","TOT","OECDIDX","A","2012",67,
"CZE","PLI","TOT","OECDIDX","A","2013",67,
"CZE","PLI","TOT","OECDIDX","A","2014",63,
"CZE","PLI","TOT","OECDIDX","A","2015",60,
"CZE","PLI","TOT","OECDIDX","A","2016",60,
"CZE","PLI","TOT","OECDIDX","A","2017",62,
"CZE","PLI","TOT","OECDIDX","A","2018",65,
"CZE","PLI","TOT","OECDIDX","A","2019",64,
"CZE","PLI","TOT","OECDIDX","A","2020",65,
"CZE","PLI","TOT","OECDIDX","A","2021",69,
"DNK","PLI","TOT","OECDIDX","A","1997",132,
"DNK","PLI","TOT","OECDIDX","A","1998",133,
"DNK","PLI","TOT","OECDIDX","A","1999",128,
"DNK","PLI","TOT","OECDIDX","A","2000",115,
"DNK","PLI","TOT","OECDIDX","A","2001",118,
"DNK","PLI","TOT","OECDIDX","A","2002",121,
"DNK","PLI","TOT","OECDIDX","A","2003",136,
"DNK","PLI","TOT","OECDIDX","A","2004",140,
"DNK","PLI","TOT","OECDIDX","A","2005",141,
"DNK","PLI","TOT","OECDIDX","A","2006",140,
"DNK","PLI","TOT","OECDIDX","A","2007",145,
"DNK","PLI","TOT","OECDIDX","A","2008",147,
"DNK","PLI","TOT","OECDIDX","A","2009",142,
"DNK","PLI","TOT","OECDIDX","A","2010",133,
"DNK","PLI","TOT","OECDIDX","A","2011",133,
"DNK","PLI","TOT","OECDIDX","A","2012",129,
"DNK","PLI","TOT","OECDIDX","A","2013",134,
"DNK","PLI","TOT","OECDIDX","A","2014",135,
"DNK","PLI","TOT","OECDIDX","A","2015",124,
"DNK","PLI","TOT","OECDIDX","A","2016",122,
"DNK","PLI","TOT","OECDIDX","A","2017",121,
"DNK","PLI","TOT","OECDIDX","A","2018",123,
"DNK","PLI","TOT","OECDIDX","A","2019",119,
"DNK","PLI","TOT","OECDIDX","A","2020",119,
"DNK","PLI","TOT","OECDIDX","A","2021",121,
"FIN","PLI","TOT","OECDIDX","A","1997",114,
"FIN","PLI","TOT","OECDIDX","A","1998",114,
"FIN","PLI","TOT","OECDIDX","A","1999",108,
"FIN","PLI","TOT","OECDIDX","A","2000",98,
"FIN","PLI","TOT","OECDIDX","A","2001",101,
"FIN","PLI","TOT","OECDIDX","A","2002",106,
"FIN","PLI","TOT","OECDIDX","A","2003",117,
"FIN","PLI","TOT","OECDIDX","A","2004",120,
"FIN","PLI","TOT","OECDIDX","A","2005",120,
"FIN","PLI","TOT","OECDIDX","A","2006",120,
"FIN","PLI","TOT","OECDIDX","A","2007",124,
"FIN","PLI","TOT","OECDIDX","A","2008",127,
"FIN","PLI","TOT","OECDIDX","A","2009",123,
"FIN","PLI","TOT","OECDIDX","A","2010",117,
"FIN","PLI","TOT","OECDIDX","A","2011",120,
"FIN","PLI","TOT","OECDIDX","A","2012",116,
"FIN","PLI","TOT","OECDIDX","A","2013",123,
"FIN","PLI","TOT","OECDIDX","A","2014",125,
"FIN","PLI","TOT","OECDIDX","A","2015",115,
"FIN","PLI","TOT","OECDIDX","A","2016",113,
"FIN","PLI","TOT","OECDIDX","A","2017",113,
"FIN","PLI","TOT","OECDIDX","A","2018",116,
"FIN","PLI","TOT","OECDIDX","A","2019",113,
"FIN","PLI","TOT","OECDIDX","A","2020",113,
"FIN","PLI","TOT","OECDIDX","A","2021",113,
"FRA","PLI","TOT","OECDIDX","A","1997",109,
"FRA","PLI","TOT","OECDIDX","A","1998",110,
"FRA","PLI","TOT","OECDIDX","A","1999",104,
"FRA","PLI","TOT","OECDIDX","A","2000",92,
"FRA","PLI","TOT","OECDIDX","A","2001",92,
"FRA","PLI","TOT","OECDIDX","A","2002",95,
"FRA","PLI","TOT","OECDIDX","A","2003",109,
"FRA","PLI","TOT","OECDIDX","A","2004",115,
"FRA","PLI","TOT","OECDIDX","A","2005",112,
"FRA","PLI","TOT","OECDIDX","A","2006",113,
"FRA","PLI","TOT","OECDIDX","A","2007",118,
"FRA","PLI","TOT","OECDIDX","A","2008",123,
"FRA","PLI","TOT","OECDIDX","A","2009",119,
"FRA","PLI","TOT","OECDIDX","A","2010",111,
"FRA","PLI","TOT","OECDIDX","A","2011",112,
"FRA","PLI","TOT","OECDIDX","A","2012",107,
"FRA","PLI","TOT","OECDIDX","A","2013",110,
"FRA","PLI","TOT","OECDIDX","A","2014",111,
"FRA","PLI","TOT","OECDIDX","A","2015",102,
"FRA","PLI","TOT","OECDIDX","A","2016",100,
"FRA","PLI","TOT","OECDIDX","A","2017",101,
"FRA","PLI","TOT","OECDIDX","A","2018",102,
"FRA","PLI","TOT","OECDIDX","A","2019",96,
"FRA","PLI","TOT","OECDIDX","A","2020",98,
"FRA","PLI","TOT","OECDIDX","A","2021",99,
"DEU","PLI","TOT","OECDIDX","A","1997",110,
"DEU","PLI","TOT","OECDIDX","A","1998",111,
"DEU","PLI","TOT","OECDIDX","A","1999",104,
"DEU","PLI","TOT","OECDIDX","A","2000",93,
"DEU","PLI","TOT","OECDIDX","A","2001",94,
"DEU","PLI","TOT","OECDIDX","A","2002",97,
"DEU","PLI","TOT","OECDIDX","A","2003",105,
"DEU","PLI","TOT","OECDIDX","A","2004",108,
"DEU","PLI","TOT","OECDIDX","A","2005",107,
"DEU","PLI","TOT","OECDIDX","A","2006",107,
"DEU","PLI","TOT","OECDIDX","A","2007",111,
"DEU","PLI","TOT","OECDIDX","A","2008",114,
"DEU","PLI","TOT","OECDIDX","A","2009",112,
"DEU","PLI","TOT","OECDIDX","A","2010",105,
"DEU","PLI","TOT","OECDIDX","A","2011",105,
"DEU","PLI","TOT","OECDIDX","A","2012",100,
"DEU","PLI","TOT","OECDIDX","A","2013",105,
"DEU","PLI","TOT","OECDIDX","A","2014",106,
"DEU","PLI","TOT","OECDIDX","A","2015",98,
"DEU","PLI","TOT","OECDIDX","A","2016",96,
"DEU","PLI","TOT","OECDIDX","A","2017",97,
"DEU","PLI","TOT","OECDIDX","A","2018",100,
"DEU","PLI","TOT","OECDIDX","A","2019",98,
"DEU","PLI","TOT","OECDIDX","A","2020",99,
"DEU","PLI","TOT","OECDIDX","A","2021",101,
"GRC","PLI","TOT","OECDIDX","A","1997",78,
"GRC","PLI","TOT","OECDIDX","A","1998",77,
"GRC","PLI","TOT","OECDIDX","A","1999",77,
"GRC","PLI","TOT","OECDIDX","A","2000",67,
"GRC","PLI","TOT","OECDIDX","A","2001",67,
"GRC","PLI","TOT","OECDIDX","A","2002",70,
"GRC","PLI","TOT","OECDIDX","A","2003",80,
"GRC","PLI","TOT","OECDIDX","A","2004",85,
"GRC","PLI","TOT","OECDIDX","A","2005",87,
"GRC","PLI","TOT","OECDIDX","A","2006",87,
"GRC","PLI","TOT","OECDIDX","A","2007",95,
"GRC","PLI","TOT","OECDIDX","A","2008",98,
"GRC","PLI","TOT","OECDIDX","A","2009",97,
"GRC","PLI","TOT","OECDIDX","A","2010",94,
"GRC","PLI","TOT","OECDIDX","A","2011",95,
"GRC","PLI","TOT","OECDIDX","A","2012",87,
"GRC","PLI","TOT","OECDIDX","A","2013",86,
"GRC","PLI","TOT","OECDIDX","A","2014",84,
"GRC","PLI","TOT","OECDIDX","A","2015",77,
"GRC","PLI","TOT","OECDIDX","A","2016",75,
"GRC","PLI","TOT","OECDIDX","A","2017",75,
"GRC","PLI","TOT","OECDIDX","A","2018",76,
"GRC","PLI","TOT","OECDIDX","A","2019",73,
"GRC","PLI","TOT","OECDIDX","A","2020",74,
"GRC","PLI","TOT","OECDIDX","A","2021",75,
"HUN","PLI","TOT","OECDIDX","A","1997",47,
"HUN","PLI","TOT","OECDIDX","A","1998",47,
"HUN","PLI","TOT","OECDIDX","A","1999",45,
"HUN","PLI","TOT","OECDIDX","A","2000",42,
"HUN","PLI","TOT","OECDIDX","A","2001",45,
"HUN","PLI","TOT","OECDIDX","A","2002",51,
"HUN","PLI","TOT","OECDIDX","A","2003",56,
"HUN","PLI","TOT","OECDIDX","A","2004",63,
"HUN","PLI","TOT","OECDIDX","A","2005",65,
"HUN","PLI","TOT","OECDIDX","A","2006",63,
"HUN","PLI","TOT","OECDIDX","A","2007",71,
"HUN","PLI","TOT","OECDIDX","A","2008",72,
"HUN","PLI","TOT","OECDIDX","A","2009",62,
"HUN","PLI","TOT","OECDIDX","A","2010",60,
"HUN","PLI","TOT","OECDIDX","A","2011",59,
"HUN","PLI","TOT","OECDIDX","A","2012",55,
"HUN","PLI","TOT","OECDIDX","A","2013",57,
"HUN","PLI","TOT","OECDIDX","A","2014",58,
"HUN","PLI","TOT","OECDIDX","A","2015",54,
"HUN","PLI","TOT","OECDIDX","A","2016",54,
"HUN","PLI","TOT","OECDIDX","A","2017",57,
"HUN","PLI","TOT","OECDIDX","A","2018",59,
"HUN","PLI","TOT","OECDIDX","A","2019",58,
"HUN","PLI","TOT","OECDIDX","A","2020",57,
"HUN","PLI","TOT","OECDIDX","A","2021",59,
"ISL","PLI","TOT","OECDIDX","A","1997",104,
"ISL","PLI","TOT","OECDIDX","A","1998",111,
"ISL","PLI","TOT","OECDIDX","A","1999",112,
"ISL","PLI","TOT","OECDIDX","A","2000",116,
"ISL","PLI","TOT","OECDIDX","A","2001",102,
"ISL","PLI","TOT","OECDIDX","A","2002",111,
"ISL","PLI","TOT","OECDIDX","A","2003",125,
"ISL","PLI","TOT","OECDIDX","A","2004",131,
"ISL","PLI","TOT","OECDIDX","A","2005",150,
"ISL","PLI","TOT","OECDIDX","A","2006",145,
"ISL","PLI","TOT","OECDIDX","A","2007",162,
"ISL","PLI","TOT","OECDIDX","A","2008",123,
"ISL","PLI","TOT","OECDIDX","A","2009",97,
"ISL","PLI","TOT","OECDIDX","A","2010",107,
"ISL","PLI","TOT","OECDIDX","A","2011",111,
"ISL","PLI","TOT","OECDIDX","A","2012",108,
"ISL","PLI","TOT","OECDIDX","A","2013",114,
"ISL","PLI","TOT","OECDIDX","A","2014",123,
"ISL","PLI","TOT","OECDIDX","A","2015",122,
"ISL","PLI","TOT","OECDIDX","A","2016",134,
"ISL","PLI","TOT","OECDIDX","A","2017",150,
"ISL","PLI","TOT","OECDIDX","A","2018",149,
"ISL","PLI","TOT","OECDIDX","A","2019",138,
"ISL","PLI","TOT","OECDIDX","A","2020",130,
"ISL","PLI","TOT","OECDIDX","A","2021",137,
"IRL","PLI","TOT","OECDIDX","A","1997",100,
"IRL","PLI","TOT","OECDIDX","A","1998",100,
"IRL","PLI","TOT","OECDIDX","A","1999",100,
"IRL","PLI","TOT","OECDIDX","A","2000",94,
"IRL","PLI","TOT","OECDIDX","A","2001",98,
"IRL","PLI","TOT","OECDIDX","A","2002",104,
"IRL","PLI","TOT","OECDIDX","A","2003",118,
"IRL","PLI","TOT","OECDIDX","A","2004",122,
"IRL","PLI","TOT","OECDIDX","A","2005",124,
"IRL","PLI","TOT","OECDIDX","A","2006",123,
"IRL","PLI","TOT","OECDIDX","A","2007",127,
"IRL","PLI","TOT","OECDIDX","A","2008",131,
"IRL","PLI","TOT","OECDIDX","A","2009",124,
"IRL","PLI","TOT","OECDIDX","A","2010",111,
"IRL","PLI","TOT","OECDIDX","A","2011",111,
"IRL","PLI","TOT","OECDIDX","A","2012",105,
"IRL","PLI","TOT","OECDIDX","A","2013",110,
"IRL","PLI","TOT","OECDIDX","A","2014",113,
"IRL","PLI","TOT","OECDIDX","A","2015",102,
"IRL","PLI","TOT","OECDIDX","A","2016",102,
"IRL","PLI","TOT","OECDIDX","A","2017",104,
"IRL","PLI","TOT","OECDIDX","A","2018",107,
"IRL","PLI","TOT","OECDIDX","A","2019",108,
"IRL","PLI","TOT","OECDIDX","A","2020",107,
"IRL","PLI","TOT","OECDIDX","A","2021",107,
"ITA","PLI","TOT","OECDIDX","A","1997",92,
"ITA","PLI","TOT","OECDIDX","A","1998",92,
"ITA","PLI","TOT","OECDIDX","A","1999",88,
"ITA","PLI","TOT","OECDIDX","A","2000",80,
"ITA","PLI","TOT","OECDIDX","A","2001",82,
"ITA","PLI","TOT","OECDIDX","A","2002",87,
"ITA","PLI","TOT","OECDIDX","A","2003",98,
"ITA","PLI","TOT","OECDIDX","A","2004",105,
"ITA","PLI","TOT","OECDIDX","A","2005",105,
"ITA","PLI","TOT","OECDIDX","A","2006",104,
"ITA","PLI","TOT","OECDIDX","A","2007",107,
"ITA","PLI","TOT","OECDIDX","A","2008",109,
"ITA","PLI","TOT","OECDIDX","A","2009",106,
"ITA","PLI","TOT","OECDIDX","A","2010",101,
"ITA","PLI","TOT","OECDIDX","A","2011",101,
"ITA","PLI","TOT","OECDIDX","A","2012",95,
"ITA","PLI","TOT","OECDIDX","A","2013",100,
"ITA","PLI","TOT","OECDIDX","A","2014",102,
"ITA","PLI","TOT","OECDIDX","A","2015",93,
"ITA","PLI","TOT","OECDIDX","A","2016",90,
"ITA","PLI","TOT","OECDIDX","A","2017",90,
"ITA","PLI","TOT","OECDIDX","A","2018",92,
"ITA","PLI","TOT","OECDIDX","A","2019",88,
"ITA","PLI","TOT","OECDIDX","A","2020",89,
"ITA","PLI","TOT","OECDIDX","A","2021",89,
"JPN","PLI","TOT","OECDIDX","A","1997",139,
"JPN","PLI","TOT","OECDIDX","A","1998",131,
"JPN","PLI","TOT","OECDIDX","A","1999",146,
"JPN","PLI","TOT","OECDIDX","A","2000",154,
"JPN","PLI","TOT","OECDIDX","A","2001",139,
"JPN","PLI","TOT","OECDIDX","A","2002",128,
"JPN","PLI","TOT","OECDIDX","A","2003",125,
"JPN","PLI","TOT","OECDIDX","A","2004",123,
"JPN","PLI","TOT","OECDIDX","A","2005",116,
"JPN","PLI","TOT","OECDIDX","A","2006",107,
"JPN","PLI","TOT","OECDIDX","A","2007",99,
"JPN","PLI","TOT","OECDIDX","A","2008",107,
"JPN","PLI","TOT","OECDIDX","A","2009",121,
"JPN","PLI","TOT","OECDIDX","A","2010",125,
"JPN","PLI","TOT","OECDIDX","A","2011",129,
"JPN","PLI","TOT","OECDIDX","A","2012",129,
"JPN","PLI","TOT","OECDIDX","A","2013",106,
"JPN","PLI","TOT","OECDIDX","A","2014",101,
"JPN","PLI","TOT","OECDIDX","A","2015",97,
"JPN","PLI","TOT","OECDIDX","A","2016",112,
"JPN","PLI","TOT","OECDIDX","A","2017",109,
"JPN","PLI","TOT","OECDIDX","A","2018",108,
"JPN","PLI","TOT","OECDIDX","A","2019",111,
"JPN","PLI","TOT","OECDIDX","A","2020",111,
"JPN","PLI","TOT","OECDIDX","A","2021",105,
"KOR","PLI","TOT","OECDIDX","A","1997",79,
"KOR","PLI","TOT","OECDIDX","A","1998",57,
"KOR","PLI","TOT","OECDIDX","A","1999",65,
"KOR","PLI","TOT","OECDIDX","A","2000",71,
"KOR","PLI","TOT","OECDIDX","A","2001",66,
"KOR","PLI","TOT","OECDIDX","A","2002",69,
"KOR","PLI","TOT","OECDIDX","A","2003",69,
"KOR","PLI","TOT","OECDIDX","A","2004",69,
"KOR","PLI","TOT","OECDIDX","A","2005",76,
"KOR","PLI","TOT","OECDIDX","A","2006",81,
"KOR","PLI","TOT","OECDIDX","A","2007",80,
"KOR","PLI","TOT","OECDIDX","A","2008",67,
"KOR","PLI","TOT","OECDIDX","A","2009",64,
"KOR","PLI","TOT","OECDIDX","A","2010",71,
"KOR","PLI","TOT","OECDIDX","A","2011",74,
"KOR","PLI","TOT","OECDIDX","A","2012",75,
"KOR","PLI","TOT","OECDIDX","A","2013",81,
"KOR","PLI","TOT","OECDIDX","A","2014",86,
"KOR","PLI","TOT","OECDIDX","A","2015",86,
"KOR","PLI","TOT","OECDIDX","A","2016",86,
"KOR","PLI","TOT","OECDIDX","A","2017",89,
"KOR","PLI","TOT","OECDIDX","A","2018",89,
"KOR","PLI","TOT","OECDIDX","A","2019",86,
"KOR","PLI","TOT","OECDIDX","A","2020",82,
"KOR","PLI","TOT","OECDIDX","A","2021",85,
"LUX","PLI","TOT","OECDIDX","A","1997",110,
"LUX","PLI","TOT","OECDIDX","A","1998",110,
"LUX","PLI","TOT","OECDIDX","A","1999",104,
"LUX","PLI","TOT","OECDIDX","A","2000",95,
"LUX","PLI","TOT","OECDIDX","A","2001",97,
"LUX","PLI","TOT","OECDIDX","A","2002",101,
"LUX","PLI","TOT","OECDIDX","A","2003",113,
"LUX","PLI","TOT","OECDIDX","A","2004",117,
"LUX","PLI","TOT","OECDIDX","A","2005",116,
"LUX","PLI","TOT","OECDIDX","A","2006",116,
"LUX","PLI","TOT","OECDIDX","A","2007",122,
"LUX","PLI","TOT","OECDIDX","A","2008",125,
"LUX","PLI","TOT","OECDIDX","A","2009",124,
"LUX","PLI","TOT","OECDIDX","A","2010",121,
"LUX","PLI","TOT","OECDIDX","A","2011",120,
"LUX","PLI","TOT","OECDIDX","A","2012",115,
"LUX","PLI","TOT","OECDIDX","A","2013",121,
"LUX","PLI","TOT","OECDIDX","A","2014",122,
"LUX","PLI","TOT","OECDIDX","A","2015",111,
"LUX","PLI","TOT","OECDIDX","A","2016",109,
"LUX","PLI","TOT","OECDIDX","A","2017",111,
"LUX","PLI","TOT","OECDIDX","A","2018",115,
"LUX","PLI","TOT","OECDIDX","A","2019",112,
"LUX","PLI","TOT","OECDIDX","A","2020",116,
"LUX","PLI","TOT","OECDIDX","A","2021",116,
"MEX","PLI","TOT","OECDIDX","A","1997",55,
"MEX","PLI","TOT","OECDIDX","A","1998",55,
"MEX","PLI","TOT","OECDIDX","A","1999",60,
"MEX","PLI","TOT","OECDIDX","A","2000",69,
"MEX","PLI","TOT","OECDIDX","A","2001",76,
"MEX","PLI","TOT","OECDIDX","A","2002",76,
"MEX","PLI","TOT","OECDIDX","A","2003",64,
"MEX","PLI","TOT","OECDIDX","A","2004",61,
"MEX","PLI","TOT","OECDIDX","A","2005",64,
"MEX","PLI","TOT","OECDIDX","A","2006",66,
"MEX","PLI","TOT","OECDIDX","A","2007",65,
"MEX","PLI","TOT","OECDIDX","A","2008",63,
"MEX","PLI","TOT","OECDIDX","A","2009",54,
"MEX","PLI","TOT","OECDIDX","A","2010",60,
"MEX","PLI","TOT","OECDIDX","A","2011",59,
"MEX","PLI","TOT","OECDIDX","A","2012",59,
"MEX","PLI","TOT","OECDIDX","A","2013",63,
"MEX","PLI","TOT","OECDIDX","A","2014",63,
"MEX","PLI","TOT","OECDIDX","A","2015",60,
"MEX","PLI","TOT","OECDIDX","A","2016",52,
"MEX","PLI","TOT","OECDIDX","A","2017",55,
"MEX","PLI","TOT","OECDIDX","A","2018",55,
"MEX","PLI","TOT","OECDIDX","A","2019",58,
"MEX","PLI","TOT","OECDIDX","A","2020",53,
"MEX","PLI","TOT","OECDIDX","A","2021",57,
"NLD","PLI","TOT","OECDIDX","A","1997",103,
"NLD","PLI","TOT","OECDIDX","A","1998",104,
"NLD","PLI","TOT","OECDIDX","A","1999",99,
"NLD","PLI","TOT","OECDIDX","A","2000",88,
"NLD","PLI","TOT","OECDIDX","A","2001",91,
"NLD","PLI","TOT","OECDIDX","A","2002",95,
"NLD","PLI","TOT","OECDIDX","A","2003",108,
"NLD","PLI","TOT","OECDIDX","A","2004",112,
"NLD","PLI","TOT","OECDIDX","A","2005",110,
"NLD","PLI","TOT","OECDIDX","A","2006",110,
"NLD","PLI","TOT","OECDIDX","A","2007",114,
"NLD","PLI","TOT","OECDIDX","A","2008",118,
"NLD","PLI","TOT","OECDIDX","A","2009",117,
"NLD","PLI","TOT","OECDIDX","A","2010",111,
"NLD","PLI","TOT","OECDIDX","A","2011",111,
"NLD","PLI","TOT","OECDIDX","A","2012",105,
"NLD","PLI","TOT","OECDIDX","A","2013",108,
"NLD","PLI","TOT","OECDIDX","A","2014",111,
"NLD","PLI","TOT","OECDIDX","A","2015",102,
"NLD","PLI","TOT","OECDIDX","A","2016",102,
"NLD","PLI","TOT","OECDIDX","A","2017",102,
"NLD","PLI","TOT","OECDIDX","A","2018",105,
"NLD","PLI","TOT","OECDIDX","A","2019",104,
"NLD","PLI","TOT","OECDIDX","A","2020",104,
"NLD","PLI","TOT","OECDIDX","A","2021",105,
"NZL","PLI","TOT","OECDIDX","A","1997",96,
"NZL","PLI","TOT","OECDIDX","A","1998",80,
"NZL","PLI","TOT","OECDIDX","A","1999",78,
"NZL","PLI","TOT","OECDIDX","A","2000",70,
"NZL","PLI","TOT","OECDIDX","A","2001",70,
"NZL","PLI","TOT","OECDIDX","A","2002",76,
"NZL","PLI","TOT","OECDIDX","A","2003",90,
"NZL","PLI","TOT","OECDIDX","A","2004",99,
"NZL","PLI","TOT","OECDIDX","A","2005",107,
"NZL","PLI","TOT","OECDIDX","A","2006",96,
"NZL","PLI","TOT","OECDIDX","A","2007",107,
"NZL","PLI","TOT","OECDIDX","A","2008",99,
"NZL","PLI","TOT","OECDIDX","A","2009",91,
"NZL","PLI","TOT","OECDIDX","A","2010",106,
"NZL","PLI","TOT","OECDIDX","A","2011",112,
"NZL","PLI","TOT","OECDIDX","A","2012",120,
"NZL","PLI","TOT","OECDIDX","A","2013",121,
"NZL","PLI","TOT","OECDIDX","A","2014",124,
"NZL","PLI","TOT","OECDIDX","A","2015",117,
"NZL","PLI","TOT","OECDIDX","A","2016",116,
"NZL","PLI","TOT","OECDIDX","A","2017",118,
"NZL","PLI","TOT","OECDIDX","A","2018",117,
"NZL","PLI","TOT","OECDIDX","A","2019",110,
"NZL","PLI","TOT","OECDIDX","A","2020",109,
"NZL","PLI","TOT","OECDIDX","A","2021",121,
"NOR","PLI","TOT","OECDIDX","A","1997",128,
"NOR","PLI","TOT","OECDIDX","A","1998",127,
"NOR","PLI","TOT","OECDIDX","A","1999",122,
"NOR","PLI","TOT","OECDIDX","A","2000",111,
"NOR","PLI","TOT","OECDIDX","A","2001",115,
"NOR","PLI","TOT","OECDIDX","A","2002",127,
"NOR","PLI","TOT","OECDIDX","A","2003",135,
"NOR","PLI","TOT","OECDIDX","A","2004",134,
"NOR","PLI","TOT","OECDIDX","A","2005",138,
"NOR","PLI","TOT","OECDIDX","A","2006",137,
"NOR","PLI","TOT","OECDIDX","A","2007",147,
"NOR","PLI","TOT","OECDIDX","A","2008",148,
"NOR","PLI","TOT","OECDIDX","A","2009",143,
"NOR","PLI","TOT","OECDIDX","A","2010",149,
"NOR","PLI","TOT","OECDIDX","A","2011",155,
"NOR","PLI","TOT","OECDIDX","A","2012",154,
"NOR","PLI","TOT","OECDIDX","A","2013",157,
"NOR","PLI","TOT","OECDIDX","A","2014",152,
"NOR","PLI","TOT","OECDIDX","A","2015",140,
"NOR","PLI","TOT","OECDIDX","A","2016",138,
"NOR","PLI","TOT","OECDIDX","A","2017",137,
"NOR","PLI","TOT","OECDIDX","A","2018",135,
"NOR","PLI","TOT","OECDIDX","A","2019",132,
"NOR","PLI","TOT","OECDIDX","A","2020",126,
"NOR","PLI","TOT","OECDIDX","A","2021",130,
"POL","PLI","TOT","OECDIDX","A","1997",46,
"POL","PLI","TOT","OECDIDX","A","1998",49,
"POL","PLI","TOT","OECDIDX","A","1999",45,
"POL","PLI","TOT","OECDIDX","A","2000",45,
"POL","PLI","TOT","OECDIDX","A","2001",50,
"POL","PLI","TOT","OECDIDX","A","2002",49,
"POL","PLI","TOT","OECDIDX","A","2003",48,
"POL","PLI","TOT","OECDIDX","A","2004",49,
"POL","PLI","TOT","OECDIDX","A","2005",57,
"POL","PLI","TOT","OECDIDX","A","2006",60,
"POL","PLI","TOT","OECDIDX","A","2007",65,
"POL","PLI","TOT","OECDIDX","A","2008",72,
"POL","PLI","TOT","OECDIDX","A","2009",59,
"POL","PLI","TOT","OECDIDX","A","2010",59,
"POL","PLI","TOT","OECDIDX","A","2011",58,
"POL","PLI","TOT","OECDIDX","A","2012",55,
"POL","PLI","TOT","OECDIDX","A","2013",57,
"POL","PLI","TOT","OECDIDX","A","2014",58,
"POL","PLI","TOT","OECDIDX","A","2015",53,
"POL","PLI","TOT","OECDIDX","A","2016",51,
"POL","PLI","TOT","OECDIDX","A","2017",53,
"POL","PLI","TOT","OECDIDX","A","2018",55,
"POL","PLI","TOT","OECDIDX","A","2019",54,
"POL","PLI","TOT","OECDIDX","A","2020",54,
"POL","PLI","TOT","OECDIDX","A","2021",55,
"PRT","PLI","TOT","OECDIDX","A","1997",73,
"PRT","PLI","TOT","OECDIDX","A","1998",75,
"PRT","PLI","TOT","OECDIDX","A","1999",72,
"PRT","PLI","TOT","OECDIDX","A","2000",66,
"PRT","PLI","TOT","OECDIDX","A","2001",68,
"PRT","PLI","TOT","OECDIDX","A","2002",71,
"PRT","PLI","TOT","OECDIDX","A","2003",78,
"PRT","PLI","TOT","OECDIDX","A","2004",83,
"PRT","PLI","TOT","OECDIDX","A","2005",81,
"PRT","PLI","TOT","OECDIDX","A","2006",81,
"PRT","PLI","TOT","OECDIDX","A","2007",86,
"PRT","PLI","TOT","OECDIDX","A","2008",88,
"PRT","PLI","TOT","OECDIDX","A","2009",86,
"PRT","PLI","TOT","OECDIDX","A","2010",81,
"PRT","PLI","TOT","OECDIDX","A","2011",83,
"PRT","PLI","TOT","OECDIDX","A","2012",77,
"PRT","PLI","TOT","OECDIDX","A","2013",79,
"PRT","PLI","TOT","OECDIDX","A","2014",80,
"PRT","PLI","TOT","OECDIDX","A","2015",74,
"PRT","PLI","TOT","OECDIDX","A","2016",73,
"PRT","PLI","TOT","OECDIDX","A","2017",75,
"PRT","PLI","TOT","OECDIDX","A","2018",77,
"PRT","PLI","TOT","OECDIDX","A","2019",75,
"PRT","PLI","TOT","OECDIDX","A","2020",76,
"PRT","PLI","TOT","OECDIDX","A","2021",78,
"SVK","PLI","TOT","OECDIDX","A","1997",40,
"SVK","PLI","TOT","OECDIDX","A","1998",41,
"SVK","PLI","TOT","OECDIDX","A","1999",37,
"SVK","PLI","TOT","OECDIDX","A","2000",36,
"SVK","PLI","TOT","OECDIDX","A","2001",36,
"SVK","PLI","TOT","OECDIDX","A","2002",39,
"SVK","PLI","TOT","OECDIDX","A","2003",46,
"SVK","PLI","TOT","OECDIDX","A","2004",52,
"SVK","PLI","TOT","OECDIDX","A","2005",54,
"SVK","PLI","TOT","OECDIDX","A","2006",56,
"SVK","PLI","TOT","OECDIDX","A","2007",65,
"SVK","PLI","TOT","OECDIDX","A","2008",72,
"SVK","PLI","TOT","OECDIDX","A","2009",71,
"SVK","PLI","TOT","OECDIDX","A","2010",65,
"SVK","PLI","TOT","OECDIDX","A","2011",67,
"SVK","PLI","TOT","OECDIDX","A","2012",64,
"SVK","PLI","TOT","OECDIDX","A","2013",67,
"SVK","PLI","TOT","OECDIDX","A","2014",67,
"SVK","PLI","TOT","OECDIDX","A","2015",62,
"SVK","PLI","TOT","OECDIDX","A","2016",64,
"SVK","PLI","TOT","OECDIDX","A","2017",68,
"SVK","PLI","TOT","OECDIDX","A","2018",71,
"SVK","PLI","TOT","OECDIDX","A","2019",70,
"SVK","PLI","TOT","OECDIDX","A","2020",72,
"SVK","PLI","TOT","OECDIDX","A","2021",74,
"ESP","PLI","TOT","OECDIDX","A","1997",82,
"ESP","PLI","TOT","OECDIDX","A","1998",83,
"ESP","PLI","TOT","OECDIDX","A","1999",81,
"ESP","PLI","TOT","OECDIDX","A","2000",73,
"ESP","PLI","TOT","OECDIDX","A","2001",75,
"ESP","PLI","TOT","OECDIDX","A","2002",79,
"ESP","PLI","TOT","OECDIDX","A","2003",89,
"ESP","PLI","TOT","OECDIDX","A","2004",94,
"ESP","PLI","TOT","OECDIDX","A","2005",94,
"ESP","PLI","TOT","OECDIDX","A","2006",93,
"ESP","PLI","TOT","OECDIDX","A","2007",97,
"ESP","PLI","TOT","OECDIDX","A","2008",101,
"ESP","PLI","TOT","OECDIDX","A","2009",99,
"ESP","PLI","TOT","OECDIDX","A","2010",95,
"ESP","PLI","TOT","OECDIDX","A","2011",95,
"ESP","PLI","TOT","OECDIDX","A","2012",88,
"ESP","PLI","TOT","OECDIDX","A","2013",91,
"ESP","PLI","TOT","OECDIDX","A","2014",91,
"ESP","PLI","TOT","OECDIDX","A","2015",84,
"ESP","PLI","TOT","OECDIDX","A","2016",82,
"ESP","PLI","TOT","OECDIDX","A","2017",83,
"ESP","PLI","TOT","OECDIDX","A","2018",86,
"ESP","PLI","TOT","OECDIDX","A","2019",83,
"ESP","PLI","TOT","OECDIDX","A","2020",84,
"ESP","PLI","TOT","OECDIDX","A","2021",85,
"SWE","PLI","TOT","OECDIDX","A","1997",122,
"SWE","PLI","TOT","OECDIDX","A","1998",122,
"SWE","PLI","TOT","OECDIDX","A","1999",115,
"SWE","PLI","TOT","OECDIDX","A","2000",107,
"SWE","PLI","TOT","OECDIDX","A","2001",102,
"SWE","PLI","TOT","OECDIDX","A","2002",108,
"SWE","PLI","TOT","OECDIDX","A","2003",122,
"SWE","PLI","TOT","OECDIDX","A","2004",125,
"SWE","PLI","TOT","OECDIDX","A","2005",125,
"SWE","PLI","TOT","OECDIDX","A","2006",124,
"SWE","PLI","TOT","OECDIDX","A","2007",127,
"SWE","PLI","TOT","OECDIDX","A","2008",126,
"SWE","PLI","TOT","OECDIDX","A","2009",115,
"SWE","PLI","TOT","OECDIDX","A","2010",123,
"SWE","PLI","TOT","OECDIDX","A","2011",130,
"SWE","PLI","TOT","OECDIDX","A","2012",127,
"SWE","PLI","TOT","OECDIDX","A","2013",135,
"SWE","PLI","TOT","OECDIDX","A","2014",132,
"SWE","PLI","TOT","OECDIDX","A","2015",119,
"SWE","PLI","TOT","OECDIDX","A","2016",119,
"SWE","PLI","TOT","OECDIDX","A","2017",120,
"SWE","PLI","TOT","OECDIDX","A","2018",117,
"SWE","PLI","TOT","OECDIDX","A","2019",111,
"SWE","PLI","TOT","OECDIDX","A","2020",112,
"SWE","PLI","TOT","OECDIDX","A","2021",117,
"CHE","PLI","TOT","OECDIDX","A","1997",127,
"CHE","PLI","TOT","OECDIDX","A","1998",130,
"CHE","PLI","TOT","OECDIDX","A","1999",123,
"CHE","PLI","TOT","OECDIDX","A","2000",114,
"CHE","PLI","TOT","OECDIDX","A","2001",118,
"CHE","PLI","TOT","OECDIDX","A","2002",123,
"CHE","PLI","TOT","OECDIDX","A","2003",132,
"CHE","PLI","TOT","OECDIDX","A","2004",134,
"CHE","PLI","TOT","OECDIDX","A","2005",133,
"CHE","PLI","TOT","OECDIDX","A","2006",128,
"CHE","PLI","TOT","OECDIDX","A","2007",123,
"CHE","PLI","TOT","OECDIDX","A","2008",130,
"CHE","PLI","TOT","OECDIDX","A","2009",133,
"CHE","PLI","TOT","OECDIDX","A","2010",138,
"CHE","PLI","TOT","OECDIDX","A","2011",150,
"CHE","PLI","TOT","OECDIDX","A","2012",143,
"CHE","PLI","TOT","OECDIDX","A","2013",145,
"CHE","PLI","TOT","OECDIDX","A","2014",145,
"CHE","PLI","TOT","OECDIDX","A","2015",146,
"CHE","PLI","TOT","OECDIDX","A","2016",141,
"CHE","PLI","TOT","OECDIDX","A","2017",140,
"CHE","PLI","TOT","OECDIDX","A","2018",138,
"CHE","PLI","TOT","OECDIDX","A","2019",138,
"CHE","PLI","TOT","OECDIDX","A","2020",143,
"CHE","PLI","TOT","OECDIDX","A","2021",139,
"TUR","PLI","TOT","OECDIDX","A","1997",37,
"TUR","PLI","TOT","OECDIDX","A","1998",51,
"TUR","PLI","TOT","OECDIDX","A","1999",48,
"TUR","PLI","TOT","OECDIDX","A","2000",48,
"TUR","PLI","TOT","OECDIDX","A","2001",38,
"TUR","PLI","TOT","OECDIDX","A","2002",44,
"TUR","PLI","TOT","OECDIDX","A","2003",51,
"TUR","PLI","TOT","OECDIDX","A","2004",55,
"TUR","PLI","TOT","OECDIDX","A","2005",61,
"TUR","PLI","TOT","OECDIDX","A","2006",59,
"TUR","PLI","TOT","OECDIDX","A","2007",63,
"TUR","PLI","TOT","OECDIDX","A","2008",64,
"TUR","PLI","TOT","OECDIDX","A","2009",58,
"TUR","PLI","TOT","OECDIDX","A","2010",60,
"TUR","PLI","TOT","OECDIDX","A","2011",55,
"TUR","PLI","TOT","OECDIDX","A","2012",56,
"TUR","PLI","TOT","OECDIDX","A","2013",57,
"TUR","PLI","TOT","OECDIDX","A","2014",52,
"TUR","PLI","TOT","OECDIDX","A","2015",49,
"TUR","PLI","TOT","OECDIDX","A","2016",48,
"TUR","PLI","TOT","OECDIDX","A","2017",44,
"TUR","PLI","TOT","OECDIDX","A","2018",39,
"TUR","PLI","TOT","OECDIDX","A","2019",40,
"TUR","PLI","TOT","OECDIDX","A","2020",37,
"TUR","PLI","TOT","OECDIDX","A","2021",36,
"GBR","PLI","TOT","OECDIDX","A","1997",116,
"GBR","PLI","TOT","OECDIDX","A","1998",123,
"GBR","PLI","TOT","OECDIDX","A","1999",120,
"GBR","PLI","TOT","OECDIDX","A","2000",114,
"GBR","PLI","TOT","OECDIDX","A","2001",112,
"GBR","PLI","TOT","OECDIDX","A","2002",116,
"GBR","PLI","TOT","OECDIDX","A","2003",118,
"GBR","PLI","TOT","OECDIDX","A","2004",124,
"GBR","PLI","TOT","OECDIDX","A","2005",127,
"GBR","PLI","TOT","OECDIDX","A","2006",129,
"GBR","PLI","TOT","OECDIDX","A","2007",137,
"GBR","PLI","TOT","OECDIDX","A","2008",122,
"GBR","PLI","TOT","OECDIDX","A","2009",109,
"GBR","PLI","TOT","OECDIDX","A","2010",107,
"GBR","PLI","TOT","OECDIDX","A","2011",108,
"GBR","PLI","TOT","OECDIDX","A","2012",110,
"GBR","PLI","TOT","OECDIDX","A","2013",111,
"GBR","PLI","TOT","OECDIDX","A","2014",119,
"GBR","PLI","TOT","OECDIDX","A","2015",120,
"GBR","PLI","TOT","OECDIDX","A","2016",108,
"GBR","PLI","TOT","OECDIDX","A","2017",102,
"GBR","PLI","TOT","OECDIDX","A","2018",105,
"GBR","PLI","TOT","OECDIDX","A","2019",102,
"GBR","PLI","TOT","OECDIDX","A","2020",104,
"GBR","PLI","TOT","OECDIDX","A","2021",110,
"USA","PLI","TOT","OECDIDX","A","1997",100,
"USA","PLI","TOT","OECDIDX","A","1998",103,
"USA","PLI","TOT","OECDIDX","A","1999",102,
"USA","PLI","TOT","OECDIDX","A","2000",107,
"USA","PLI","TOT","OECDIDX","A","2001",112,
"USA","PLI","TOT","OECDIDX","A","2002",112,
"USA","PLI","TOT","OECDIDX","A","2003",104,
"USA","PLI","TOT","OECDIDX","A","2004",99,
"USA","PLI","TOT","OECDIDX","A","2005",99,
"USA","PLI","TOT","OECDIDX","A","2006",100,
"USA","PLI","TOT","OECDIDX","A","2007",97,
"USA","PLI","TOT","OECDIDX","A","2008",94,
"USA","PLI","TOT","OECDIDX","A","2009",99,
"USA","PLI","TOT","OECDIDX","A","2010",98,
"USA","PLI","TOT","OECDIDX","A","2011",96,
"USA","PLI","TOT","OECDIDX","A","2012",99,
"USA","PLI","TOT","OECDIDX","A","2013",102,
"USA","PLI","TOT","OECDIDX","A","2014",103,
"USA","PLI","TOT","OECDIDX","A","2015",114,
"USA","PLI","TOT","OECDIDX","A","2016",116,
"USA","PLI","TOT","OECDIDX","A","2017",116,
"USA","PLI","TOT","OECDIDX","A","2018",115,
"USA","PLI","TOT","OECDIDX","A","2019",117,
"USA","PLI","TOT","OECDIDX","A","2020",117,
"USA","PLI","TOT","OECDIDX","A","2021",115,
"BRA","PLI","TOT","OECDIDX","A","1997",62,
"BRA","PLI","TOT","OECDIDX","A","1998",61,
"BRA","PLI","TOT","OECDIDX","A","1999",41,
"BRA","PLI","TOT","OECDIDX","A","2000",44,
"BRA","PLI","TOT","OECDIDX","A","2001",38,
"BRA","PLI","TOT","OECDIDX","A","2002",33,
"BRA","PLI","TOT","OECDIDX","A","2003",33,
"BRA","PLI","TOT","OECDIDX","A","2004",34,
"BRA","PLI","TOT","OECDIDX","A","2005",43,
"BRA","PLI","TOT","OECDIDX","A","2006",51,
"BRA","PLI","TOT","OECDIDX","A","2007",57,
"BRA","PLI","TOT","OECDIDX","A","2008",63,
"BRA","PLI","TOT","OECDIDX","A","2009",64,
"BRA","PLI","TOT","OECDIDX","A","2010",78,
"BRA","PLI","TOT","OECDIDX","A","2011",84,
"BRA","PLI","TOT","OECDIDX","A","2012",81,
"BRA","PLI","TOT","OECDIDX","A","2013",81,
"BRA","PLI","TOT","OECDIDX","A","2014",80,
"BRA","PLI","TOT","OECDIDX","A","2015",68,
"BRA","PLI","TOT","OECDIDX","A","2016",71,
"BRA","PLI","TOT","OECDIDX","A","2017",79,
"BRA","PLI","TOT","OECDIDX","A","2018",70,
"BRA","PLI","TOT","OECDIDX","A","2019",67,
"BRA","PLI","TOT","OECDIDX","A","2020",54,
"BRA","PLI","TOT","OECDIDX","A","2021",54,
"CHL","PLI","TOT","OECDIDX","A","1997",67,
"CHL","PLI","TOT","OECDIDX","A","1998",62,
"CHL","PLI","TOT","OECDIDX","A","1999",57,
"CHL","PLI","TOT","OECDIDX","A","2000",57,
"CHL","PLI","TOT","OECDIDX","A","2001",52,
"CHL","PLI","TOT","OECDIDX","A","2002",48,
"CHL","PLI","TOT","OECDIDX","A","2003",46,
"CHL","PLI","TOT","OECDIDX","A","2004",52,
"CHL","PLI","TOT","OECDIDX","A","2005",59,
"CHL","PLI","TOT","OECDIDX","A","2006",60,
"CHL","PLI","TOT","OECDIDX","A","2007",60,
"CHL","PLI","TOT","OECDIDX","A","2008",62,
"CHL","PLI","TOT","OECDIDX","A","2009",62,
"CHL","PLI","TOT","OECDIDX","A","2010",69,
"CHL","PLI","TOT","OECDIDX","A","2011",69,
"CHL","PLI","TOT","OECDIDX","A","2012",71,
"CHL","PLI","TOT","OECDIDX","A","2013",72,
"CHL","PLI","TOT","OECDIDX","A","2014",67,
"CHL","PLI","TOT","OECDIDX","A","2015",68,
"CHL","PLI","TOT","OECDIDX","A","2016",68,
"CHL","PLI","TOT","OECDIDX","A","2017",71,
"CHL","PLI","TOT","OECDIDX","A","2018",71,
"CHL","PLI","TOT","OECDIDX","A","2019",68,
"CHL","PLI","TOT","OECDIDX","A","2020",62,
"CHL","PLI","TOT","OECDIDX","A","2021",65,
"CHN","PLI","TOT","OECDIDX","A","1997",35,
"CHN","PLI","TOT","OECDIDX","A","1998",35,
"CHN","PLI","TOT","OECDIDX","A","1999",34,
"CHN","PLI","TOT","OECDIDX","A","2000",35,
"CHN","PLI","TOT","OECDIDX","A","2001",37,
"CHN","PLI","TOT","OECDIDX","A","2002",36,
"CHN","PLI","TOT","OECDIDX","A","2003",34,
"CHN","PLI","TOT","OECDIDX","A","2004",34,
"CHN","PLI","TOT","OECDIDX","A","2005",34,
"CHN","PLI","TOT","OECDIDX","A","2006",36,
"CHN","PLI","TOT","OECDIDX","A","2007",38,
"CHN","PLI","TOT","OECDIDX","A","2008",43,
"CHN","PLI","TOT","OECDIDX","A","2009",46,
"CHN","PLI","TOT","OECDIDX","A","2010",48,
"CHN","PLI","TOT","OECDIDX","A","2011",52,
"CHN","PLI","TOT","OECDIDX","A","2012",56,
"CHN","PLI","TOT","OECDIDX","A","2013",60,
"CHN","PLI","TOT","OECDIDX","A","2014",63,
"CHN","PLI","TOT","OECDIDX","A","2015",71,
"CHN","PLI","TOT","OECDIDX","A","2016",70,
"CHN","PLI","TOT","OECDIDX","A","2017",72,
"CHN","PLI","TOT","OECDIDX","A","2018",73,
"CHN","PLI","TOT","OECDIDX","A","2019",71,
"CHN","PLI","TOT","OECDIDX","A","2020",71,
"CHN","PLI","TOT","OECDIDX","A","2021",74,
"EST","PLI","TOT","OECDIDX","A","1997",46,
"EST","PLI","TOT","OECDIDX","A","1998",50,
"EST","PLI","TOT","OECDIDX","A","1999",50,
"EST","PLI","TOT","OECDIDX","A","2000",46,
"EST","PLI","TOT","OECDIDX","A","2001",49,
"EST","PLI","TOT","OECDIDX","A","2002",51,
"EST","PLI","TOT","OECDIDX","A","2003",57,
"EST","PLI","TOT","OECDIDX","A","2004",61,
"EST","PLI","TOT","OECDIDX","A","2005",62,
"EST","PLI","TOT","OECDIDX","A","2006",66,
"EST","PLI","TOT","OECDIDX","A","2007",73,
"EST","PLI","TOT","OECDIDX","A","2008",75,
"EST","PLI","TOT","OECDIDX","A","2009",71,
"EST","PLI","TOT","OECDIDX","A","2010",67,
"EST","PLI","TOT","OECDIDX","A","2011",68,
"EST","PLI","TOT","OECDIDX","A","2012",66,
"EST","PLI","TOT","OECDIDX","A","2013",71,
"EST","PLI","TOT","OECDIDX","A","2014",72,
"EST","PLI","TOT","OECDIDX","A","2015",68,
"EST","PLI","TOT","OECDIDX","A","2016",68,
"EST","PLI","TOT","OECDIDX","A","2017",70,
"EST","PLI","TOT","OECDIDX","A","2018",73,
"EST","PLI","TOT","OECDIDX","A","2019",72,
"EST","PLI","TOT","OECDIDX","A","2020",72,
"EST","PLI","TOT","OECDIDX","A","2021",74,
"IND","PLI","TOT","OECDIDX","A","1997",24,
"IND","PLI","TOT","OECDIDX","A","1998",23,
"IND","PLI","TOT","OECDIDX","A","1999",23,
"IND","PLI","TOT","OECDIDX","A","2000",23,
"IND","PLI","TOT","OECDIDX","A","2001",23,
"IND","PLI","TOT","OECDIDX","A","2002",23,
"IND","PLI","TOT","OECDIDX","A","2003",23,
"IND","PLI","TOT","OECDIDX","A","2004",23,
"IND","PLI","TOT","OECDIDX","A","2005",24,
"IND","PLI","TOT","OECDIDX","A","2006",25,
"IND","PLI","TOT","OECDIDX","A","2007",27,
"IND","PLI","TOT","OECDIDX","A","2008",27,
"IND","PLI","TOT","OECDIDX","A","2009",27,
"IND","PLI","TOT","OECDIDX","A","2010",31,
"IND","PLI","TOT","OECDIDX","A","2011",32,
"IND","PLI","TOT","OECDIDX","A","2012",30,
"IND","PLI","TOT","OECDIDX","A","2013",30,
"IND","PLI","TOT","OECDIDX","A","2014",31,
"IND","PLI","TOT","OECDIDX","A","2015",34,
"IND","PLI","TOT","OECDIDX","A","2016",34,
"IND","PLI","TOT","OECDIDX","A","2017",37,
"IND","PLI","TOT","OECDIDX","A","2018",35,
"IND","PLI","TOT","OECDIDX","A","2019",35,
"IND","PLI","TOT","OECDIDX","A","2020",35,
"IND","PLI","TOT","OECDIDX","A","2021",36,
"IDN","PLI","TOT","OECDIDX","A","1997",21,
"IDN","PLI","TOT","OECDIDX","A","1998",11,
"IDN","PLI","TOT","OECDIDX","A","1999",15,
"IDN","PLI","TOT","OECDIDX","A","2000",18,
"IDN","PLI","TOT","OECDIDX","A","2001",17,
"IDN","PLI","TOT","OECDIDX","A","2002",19,
"IDN","PLI","TOT","OECDIDX","A","2003",20,
"IDN","PLI","TOT","OECDIDX","A","2004",20,
"IDN","PLI","TOT","OECDIDX","A","2005",20,
"IDN","PLI","TOT","OECDIDX","A","2006",24,
"IDN","PLI","TOT","OECDIDX","A","2007",25,
"IDN","PLI","TOT","OECDIDX","A","2008",27,
"IDN","PLI","TOT","OECDIDX","A","2009",28,
"IDN","PLI","TOT","OECDIDX","A","2010",36,
"IDN","PLI","TOT","OECDIDX","A","2011",38,
"IDN","PLI","TOT","OECDIDX","A","2012",38,
"IDN","PLI","TOT","OECDIDX","A","2013",37,
"IDN","PLI","TOT","OECDIDX","A","2014",35,
"IDN","PLI","TOT","OECDIDX","A","2015",37,
"IDN","PLI","TOT","OECDIDX","A","2016",39,
"IDN","PLI","TOT","OECDIDX","A","2017",41,
"IDN","PLI","TOT","OECDIDX","A","2018",38,
"IDN","PLI","TOT","OECDIDX","A","2019",39,
"IDN","PLI","TOT","OECDIDX","A","2020",38,
"IDN","PLI","TOT","OECDIDX","A","2021",38,
"ISR","PLI","TOT","OECDIDX","A","1997",92,
"ISR","PLI","TOT","OECDIDX","A","1998",91,
"ISR","PLI","TOT","OECDIDX","A","1999",87,
"ISR","PLI","TOT","OECDIDX","A","2000",91,
"ISR","PLI","TOT","OECDIDX","A","2001",92,
"ISR","PLI","TOT","OECDIDX","A","2002",82,
"ISR","PLI","TOT","OECDIDX","A","2003",83,
"ISR","PLI","TOT","OECDIDX","A","2004",78,
"ISR","PLI","TOT","OECDIDX","A","2005",82,
"ISR","PLI","TOT","OECDIDX","A","2006",85,
"ISR","PLI","TOT","OECDIDX","A","2007",88,
"ISR","PLI","TOT","OECDIDX","A","2008",102,
"ISR","PLI","TOT","OECDIDX","A","2009",100,
"ISR","PLI","TOT","OECDIDX","A","2010",105,
"ISR","PLI","TOT","OECDIDX","A","2011",105,
"ISR","PLI","TOT","OECDIDX","A","2012",102,
"ISR","PLI","TOT","OECDIDX","A","2013",109,
"ISR","PLI","TOT","OECDIDX","A","2014",114,
"ISR","PLI","TOT","OECDIDX","A","2015",115,
"ISR","PLI","TOT","OECDIDX","A","2016",114,
"ISR","PLI","TOT","OECDIDX","A","2017",121,
"ISR","PLI","TOT","OECDIDX","A","2018",121,
"ISR","PLI","TOT","OECDIDX","A","2019",128,
"ISR","PLI","TOT","OECDIDX","A","2020",131,
"ISR","PLI","TOT","OECDIDX","A","2021",135,
"RUS","PLI","TOT","OECDIDX","A","1997",48,
"RUS","PLI","TOT","OECDIDX","A","1998",35,
"RUS","PLI","TOT","OECDIDX","A","1999",23,
"RUS","PLI","TOT","OECDIDX","A","2000",28,
"RUS","PLI","TOT","OECDIDX","A","2001",32,
"RUS","PLI","TOT","OECDIDX","A","2002",33,
"RUS","PLI","TOT","OECDIDX","A","2003",33,
"RUS","PLI","TOT","OECDIDX","A","2004",40,
"RUS","PLI","TOT","OECDIDX","A","2005",44,
"RUS","PLI","TOT","OECDIDX","A","2006",47,
"RUS","PLI","TOT","OECDIDX","A","2007",53,
"RUS","PLI","TOT","OECDIDX","A","2008",55,
"RUS","PLI","TOT","OECDIDX","A","2009",44,
"RUS","PLI","TOT","OECDIDX","A","2010",51,
"RUS","PLI","TOT","OECDIDX","A","2011",60,
"RUS","PLI","TOT","OECDIDX","A","2012",63,
"RUS","PLI","TOT","OECDIDX","A","2013",63,
"RUS","PLI","TOT","OECDIDX","A","2014",57,
"RUS","PLI","TOT","OECDIDX","A","2015",44,
"RUS","PLI","TOT","OECDIDX","A","2016",42,
"RUS","PLI","TOT","OECDIDX","A","2017",48,
"RUS","PLI","TOT","OECDIDX","A","2018",45,
"RUS","PLI","TOT","OECDIDX","A","2019",45,
"RUS","PLI","TOT","OECDIDX","A","2020",40,
"RUS","PLI","TOT","OECDIDX","A","2021",43,
"SVN","PLI","TOT","OECDIDX","A","1997",69,
"SVN","PLI","TOT","OECDIDX","A","1998",72,
"SVN","PLI","TOT","OECDIDX","A","1999",69,
"SVN","PLI","TOT","OECDIDX","A","2000",61,
"SVN","PLI","TOT","OECDIDX","A","2001",62,
"SVN","PLI","TOT","OECDIDX","A","2002",65,
"SVN","PLI","TOT","OECDIDX","A","2003",73,
"SVN","PLI","TOT","OECDIDX","A","2004",75,
"SVN","PLI","TOT","OECDIDX","A","2005",75,
"SVN","PLI","TOT","OECDIDX","A","2006",77,
"SVN","PLI","TOT","OECDIDX","A","2007",84,
"SVN","PLI","TOT","OECDIDX","A","2008",88,
"SVN","PLI","TOT","OECDIDX","A","2009",89,
"SVN","PLI","TOT","OECDIDX","A","2010",83,
"SVN","PLI","TOT","OECDIDX","A","2011",83,
"SVN","PLI","TOT","OECDIDX","A","2012",77,
"SVN","PLI","TOT","OECDIDX","A","2013",80,
"SVN","PLI","TOT","OECDIDX","A","2014",81,
"SVN","PLI","TOT","OECDIDX","A","2015",75,
"SVN","PLI","TOT","OECDIDX","A","2016",74,
"SVN","PLI","TOT","OECDIDX","A","2017",75,
"SVN","PLI","TOT","OECDIDX","A","2018",77,
"SVN","PLI","TOT","OECDIDX","A","2019",74,
"SVN","PLI","TOT","OECDIDX","A","2020",75,
"SVN","PLI","TOT","OECDIDX","A","2021",77,
"ZAF","PLI","TOT","OECDIDX","A","1997",50,
"ZAF","PLI","TOT","OECDIDX","A","1998",46,
"ZAF","PLI","TOT","OECDIDX","A","1999",43,
"ZAF","PLI","TOT","OECDIDX","A","2000",43,
"ZAF","PLI","TOT","OECDIDX","A","2001",38,
"ZAF","PLI","TOT","OECDIDX","A","2002",34,
"ZAF","PLI","TOT","OECDIDX","A","2003",46,
"ZAF","PLI","TOT","OECDIDX","A","2004",53,
"ZAF","PLI","TOT","OECDIDX","A","2005",55,
"ZAF","PLI","TOT","OECDIDX","A","2006",54,
"ZAF","PLI","TOT","OECDIDX","A","2007",53,
"ZAF","PLI","TOT","OECDIDX","A","2008",47,
"ZAF","PLI","TOT","OECDIDX","A","2009",51,
"ZAF","PLI","TOT","OECDIDX","A","2010",62,
"ZAF","PLI","TOT","OECDIDX","A","2011",63,
"ZAF","PLI","TOT","OECDIDX","A","2012",62,
"ZAF","PLI","TOT","OECDIDX","A","2013",56,
"ZAF","PLI","TOT","OECDIDX","A","2014",53,
"ZAF","PLI","TOT","OECDIDX","A","2015",52,
"ZAF","PLI","TOT","OECDIDX","A","2016",48,
"ZAF","PLI","TOT","OECDIDX","A","2017",56,
"ZAF","PLI","TOT","OECDIDX","A","2018",57,
"ZAF","PLI","TOT","OECDIDX","A","2019",54,
"ZAF","PLI","TOT","OECDIDX","A","2020",50,
"ZAF","PLI","TOT","OECDIDX","A","2021",55,
"OECD","PLI","TOT","OECDIDX","A","1997",100,
"OECD","PLI","TOT","OECDIDX","A","1998",100,
"OECD","PLI","TOT","OECDIDX","A","1999",100,
"OECD","PLI","TOT","OECDIDX","A","2000",100,
"OECD","PLI","TOT","OECDIDX","A","2001",100,
"OECD","PLI","TOT","OECDIDX","A","2002",100,
"OECD","PLI","TOT","OECDIDX","A","2003",100,
"OECD","PLI","TOT","OECDIDX","A","2004",100,
"OECD","PLI","TOT","OECDIDX","A","2005",100,
"OECD","PLI","TOT","OECDIDX","A","2006",100,
"OECD","PLI","TOT","OECDIDX","A","2007",100,
"OECD","PLI","TOT","OECDIDX","A","2008",100,
"OECD","PLI","TOT","OECDIDX","A","2009",100,
"OECD","PLI","TOT","OECDIDX","A","2010",100,
"OECD","PLI","TOT","OECDIDX","A","2011",100,
"OECD","PLI","TOT","OECDIDX","A","2012",100,
"OECD","PLI","TOT","OECDIDX","A","2013",100,
"OECD","PLI","TOT","OECDIDX","A","2014",100,
"OECD","PLI","TOT","OECDIDX","A","2015",100,
"OECD","PLI","TOT","OECDIDX","A","2016",100,
"OECD","PLI","TOT","OECDIDX","A","2017",100,
"OECD","PLI","TOT","OECDIDX","A","2018",100,
"OECD","PLI","TOT","OECDIDX","A","2019",100,
"OECD","PLI","TOT","OECDIDX","A","2020",100,
"OECD","PLI","TOT","OECDIDX","A","2021",100,
"EA18","PLI","TOT","OECDIDX","A","1997",100,
"EA18","PLI","TOT","OECDIDX","A","1998",100,
"EA18","PLI","TOT","OECDIDX","A","1999",95,
"EA18","PLI","TOT","OECDIDX","A","2000",86,
"EA18","PLI","TOT","OECDIDX","A","2001",87,
"EA18","PLI","TOT","OECDIDX","A","2002",90,
"EA18","PLI","TOT","OECDIDX","A","2003",101,
"EA18","PLI","TOT","OECDIDX","A","2004",105,
"EA18","PLI","TOT","OECDIDX","A","2005",105,
"EA18","PLI","TOT","OECDIDX","A","2006",104,
"EA18","PLI","TOT","OECDIDX","A","2007",109,
"EA18","PLI","TOT","OECDIDX","A","2008",112,
"EA18","PLI","TOT","OECDIDX","A","2009",109,
"EA18","PLI","TOT","OECDIDX","A","2010",103,
"EA18","PLI","TOT","OECDIDX","A","2011",104,
"EA18","PLI","TOT","OECDIDX","A","2012",99,
"EA18","PLI","TOT","OECDIDX","A","2013",102,
"EA18","PLI","TOT","OECDIDX","A","2014",103,
"EA18","PLI","TOT","OECDIDX","A","2015",95,
"EA18","PLI","TOT","OECDIDX","A","2016",94,
"EA18","PLI","TOT","OECDIDX","A","2017",94,
"EA18","PLI","TOT","OECDIDX","A","2018",97,
"EA18","PLI","TOT","OECDIDX","A","2019",93,
"EA18","PLI","TOT","OECDIDX","A","2020",95,
"EA18","PLI","TOT","OECDIDX","A","2021",96,
"COL","PLI","TOT","OECDIDX","A","1997",45,
"COL","PLI","TOT","OECDIDX","A","1998",42,
"COL","PLI","TOT","OECDIDX","A","1999",39,
"COL","PLI","TOT","OECDIDX","A","2000",38,
"COL","PLI","TOT","OECDIDX","A","2001",38,
"COL","PLI","TOT","OECDIDX","A","2002",37,
"COL","PLI","TOT","OECDIDX","A","2003",32,
"COL","PLI","TOT","OECDIDX","A","2004",35,
"COL","PLI","TOT","OECDIDX","A","2005",41,
"COL","PLI","TOT","OECDIDX","A","2006",42,
"COL","PLI","TOT","OECDIDX","A","2007",47,
"COL","PLI","TOT","OECDIDX","A","2008",51,
"COL","PLI","TOT","OECDIDX","A","2009",50,
"COL","PLI","TOT","OECDIDX","A","2010",59,
"COL","PLI","TOT","OECDIDX","A","2011",61,
"COL","PLI","TOT","OECDIDX","A","2012",67,
"COL","PLI","TOT","OECDIDX","A","2013",67,
"COL","PLI","TOT","OECDIDX","A","2014",64,
"COL","PLI","TOT","OECDIDX","A","2015",54,
"COL","PLI","TOT","OECDIDX","A","2016",49,
"COL","PLI","TOT","OECDIDX","A","2017",52,
"COL","PLI","TOT","OECDIDX","A","2018",51,
"COL","PLI","TOT","OECDIDX","A","2019",48,
"COL","PLI","TOT","OECDIDX","A","2020",42,
"COL","PLI","TOT","OECDIDX","A","2021",42,
"LTU","PLI","TOT","OECDIDX","A","1997",40,
"LTU","PLI","TOT","OECDIDX","A","1998",42,
"LTU","PLI","TOT","OECDIDX","A","1999",41,
"LTU","PLI","TOT","OECDIDX","A","2000",42,
"LTU","PLI","TOT","OECDIDX","A","2001",42,
"LTU","PLI","TOT","OECDIDX","A","2002",44,
"LTU","PLI","TOT","OECDIDX","A","2003",47,
"LTU","PLI","TOT","OECDIDX","A","2004",51,
"LTU","PLI","TOT","OECDIDX","A","2005",53,
"LTU","PLI","TOT","OECDIDX","A","2006",56,
"LTU","PLI","TOT","OECDIDX","A","2007",62,
"LTU","PLI","TOT","OECDIDX","A","2008",68,
"LTU","PLI","TOT","OECDIDX","A","2009",64,
"LTU","PLI","TOT","OECDIDX","A","2010",59,
"LTU","PLI","TOT","OECDIDX","A","2011",60,
"LTU","PLI","TOT","OECDIDX","A","2012",58,
"LTU","PLI","TOT","OECDIDX","A","2013",60,
"LTU","PLI","TOT","OECDIDX","A","2014",61,
"LTU","PLI","TOT","OECDIDX","A","2015",56,
"LTU","PLI","TOT","OECDIDX","A","2016",56,
"LTU","PLI","TOT","OECDIDX","A","2017",58,
"LTU","PLI","TOT","OECDIDX","A","2018",60,
"LTU","PLI","TOT","OECDIDX","A","2019",59,
"LTU","PLI","TOT","OECDIDX","A","2020",61,
"LTU","PLI","TOT","OECDIDX","A","2021",63,
"LVA","PLI","TOT","OECDIDX","A","1997",41,
"LVA","PLI","TOT","OECDIDX","A","1998",43,
"LVA","PLI","TOT","OECDIDX","A","1999",44,
"LVA","PLI","TOT","OECDIDX","A","2000",45,
"LVA","PLI","TOT","OECDIDX","A","2001",44,
"LVA","PLI","TOT","OECDIDX","A","2002",46,
"LVA","PLI","TOT","OECDIDX","A","2003",48,
"LVA","PLI","TOT","OECDIDX","A","2004",51,
"LVA","PLI","TOT","OECDIDX","A","2005",54,
"LVA","PLI","TOT","OECDIDX","A","2006",62,
"LVA","PLI","TOT","OECDIDX","A","2007",75,
"LVA","PLI","TOT","OECDIDX","A","2008",79,
"LVA","PLI","TOT","OECDIDX","A","2009",71,
"LVA","PLI","TOT","OECDIDX","A","2010",63,
"LVA","PLI","TOT","OECDIDX","A","2011",67,
"LVA","PLI","TOT","OECDIDX","A","2012",64,
"LVA","PLI","TOT","OECDIDX","A","2013",68,
"LVA","PLI","TOT","OECDIDX","A","2014",68,
"LVA","PLI","TOT","OECDIDX","A","2015",63,
"LVA","PLI","TOT","OECDIDX","A","2016",62,
"LVA","PLI","TOT","OECDIDX","A","2017",63,
"LVA","PLI","TOT","OECDIDX","A","2018",66,
"LVA","PLI","TOT","OECDIDX","A","2019",66,
"LVA","PLI","TOT","OECDIDX","A","2020",66,
"LVA","PLI","TOT","OECDIDX","A","2021",69,
"EU27","PLI","TOT","OECDIDX","A","1997",95,
"EU27","PLI","TOT","OECDIDX","A","1998",96,
"EU27","PLI","TOT","OECDIDX","A","1999",91,
"EU27","PLI","TOT","OECDIDX","A","2000",82,
"EU27","PLI","TOT","OECDIDX","A","2001",83,
"EU27","PLI","TOT","OECDIDX","A","2002",87,
"EU27","PLI","TOT","OECDIDX","A","2003",96,
"EU27","PLI","TOT","OECDIDX","A","2004",100,
"EU27","PLI","TOT","OECDIDX","A","2005",100,
"EU27","PLI","TOT","OECDIDX","A","2006",100,
"EU27","PLI","TOT","OECDIDX","A","2007",105,
"EU27","PLI","TOT","OECDIDX","A","2008",108,
"EU27","PLI","TOT","OECDIDX","A","2009",104,
"EU27","PLI","TOT","OECDIDX","A","2010",99,
"EU27","PLI","TOT","OECDIDX","A","2011",99,
"EU27","PLI","TOT","OECDIDX","A","2012",94,
"EU27","PLI","TOT","OECDIDX","A","2013",98,
"EU27","PLI","TOT","OECDIDX","A","2014",98,
"EU27","PLI","TOT","OECDIDX","A","2015",91,
"EU27","PLI","TOT","OECDIDX","A","2016",89,
"EU27","PLI","TOT","OECDIDX","A","2017",90,
"EU27","PLI","TOT","OECDIDX","A","2018",92,
"EU27","PLI","TOT","OECDIDX","A","2019",89,
"EU27","PLI","TOT","OECDIDX","A","2020",90,
"EU27","PLI","TOT","OECDIDX","A","2021",91,
"CRI","PLI","TOT","OECDIDX","A","1997",48,
"CRI","PLI","TOT","OECDIDX","A","1998",49,
"CRI","PLI","TOT","OECDIDX","A","1999",48,
"CRI","PLI","TOT","OECDIDX","A","2000",50,
"CRI","PLI","TOT","OECDIDX","A","2001",53,
"CRI","PLI","TOT","OECDIDX","A","2002",52,
"CRI","PLI","TOT","OECDIDX","A","2003",47,
"CRI","PLI","TOT","OECDIDX","A","2004",45,
"CRI","PLI","TOT","OECDIDX","A","2005",46,
"CRI","PLI","TOT","OECDIDX","A","2006",48,
"CRI","PLI","TOT","OECDIDX","A","2007",49,
"CRI","PLI","TOT","OECDIDX","A","2008",51,
"CRI","PLI","TOT","OECDIDX","A","2009",53,
"CRI","PLI","TOT","OECDIDX","A","2010",61,
"CRI","PLI","TOT","OECDIDX","A","2011",63,
"CRI","PLI","TOT","OECDIDX","A","2012",68,
"CRI","PLI","TOT","OECDIDX","A","2013",71,
"CRI","PLI","TOT","OECDIDX","A","2014",68,
"CRI","PLI","TOT","OECDIDX","A","2015",75,
"CRI","PLI","TOT","OECDIDX","A","2016",73,
"CRI","PLI","TOT","OECDIDX","A","2017",70,
"CRI","PLI","TOT","OECDIDX","A","2018",67,
"CRI","PLI","TOT","OECDIDX","A","2019",66,
"CRI","PLI","TOT","OECDIDX","A","2020",64,
"CRI","PLI","TOT","OECDIDX","A","2021",62,
